scale,run_id,workload,throughput_kops,p50_us,p99_us,elapsed_s,ok
100000,1,A(50R/50U),291.051,3.167,7.375,0.343582,1
100000,1,B(95R/5U),1132.27,0.666,3.958,0.0883184,1
100000,1,C(100R),2486.98,0.292,1.583,0.0402094,1
100000,1,D(95R/5I),1049.79,0.708,3.916,0.095257,1
100000,1,E(95Scan/5I),155.226,4.083,13.208,0.644221,1
100000,1,F(50R/50RMW),317.66,3.125,6,0.314802,1
100000,1,W(1R/99W),189.454,3.417,7.042,0.527832,1
100000,1,RW(50R/50W),321.175,3.125,5.667,0.311357,1
100000,1,RSW(25R/25W/50S),198.702,4.125,12.042,0.503266,1
100000,1,RS(47R/47W/6S),289.89,3.25,9.959,0.344958,1
100000,1,R(95R/5W),1144.54,0.666,3.875,0.0873716,1
500000,1,A(50R/50U),267.837,3.291,7.833,1.8668,1
500000,2,A(50R/50U),271.734,3.291,7.541,1.84003,1
500000,3,A(50R/50U),257.843,3.333,7.833,1.93916,1
500000,4,A(50R/50U),271.777,3.291,7.292,1.83974,1
500000,5,A(50R/50U),276.128,3.25,6.875,1.81075,1
500000,1,B(95R/5U),726.883,0.917,4.959,0.687868,1
500000,2,B(95R/5U),717.435,0.917,4.792,0.696927,1
500000,3,B(95R/5U),702.599,0.917,5.25,0.711643,1
500000,4,B(95R/5U),716.656,0.917,4.542,0.697685,1
500000,5,B(95R/5U),753.575,0.875,4.167,0.663504,1
500000,1,C(100R),1329.04,0.458,2.125,0.376211,1
500000,2,C(100R),1331.26,0.458,2.166,0.375584,1
500000,3,C(100R),1332.69,0.458,2.125,0.375181,1
500000,4,C(100R),1335.98,0.458,2.084,0.374257,1
500000,5,C(100R),1331.79,0.458,2.167,0.375434,1
500000,1,D(95R/5I),615.488,1.084,5.042,0.812363,1
500000,2,D(95R/5I),611.114,1.125,5.042,0.818178,1
500000,3,D(95R/5I),622.854,1.084,4.792,0.802757,1
500000,4,D(95R/5I),620.061,1.084,4.542,0.806372,1
500000,5,D(95R/5I),633.039,1.083,4.583,0.789841,1
500000,1,E(95Scan/5I),126.322,4.875,15.167,3.95815,1
500000,2,E(95Scan/5I),129.18,4.917,15.667,3.87057,1
500000,3,E(95Scan/5I),128.644,4.791,15.292,3.8867,1
500000,4,E(95Scan/5I),134.146,4.542,14.667,3.72729,1
500000,5,E(95Scan/5I),129.262,4.333,14.708,3.86811,1
500000,1,F(50R/50RMW),283.391,3.208,6.625,1.76434,1
500000,2,F(50R/50RMW),283.218,3.208,6.625,1.76543,1
500000,3,F(50R/50RMW),272.09,3.25,7.25,1.83763,1
500000,4,F(50R/50RMW),270.168,3.25,7.125,1.8507,1
500000,5,F(50R/50RMW),270.115,3.25,6.792,1.85106,1
500000,1,W(1R/99W),178.275,3.333,9.083,2.80466,1
500000,2,W(1R/99W),180.557,3.333,8.666,2.7692,1
500000,3,W(1R/99W),139.713,3.375,8.959,3.57876,1
500000,4,W(1R/99W),131.651,3.5,9,3.79792,1
500000,5,W(1R/99W),156.514,3.292,8.541,3.19461,1
500000,1,RW(50R/50W),214.759,3.25,8.084,2.3282,1
500000,2,RW(50R/50W),211.301,3.25,7.084,2.3663,1
500000,3,RW(50R/50W),203.004,3.291,8,2.46301,1
500000,4,RW(50R/50W),214.411,3.291,8.084,2.33197,1
500000,5,RW(50R/50W),222.242,3.25,8.625,2.2498,1
500000,1,RSW(25R/25W/50S),149.901,4.458,13.75,3.33553,1
500000,2,RSW(25R/25W/50S),143.135,4.584,13.458,3.49319,1
500000,3,RSW(25R/25W/50S),151.377,4.375,13.459,3.30301,1
500000,4,RSW(25R/25W/50S),153.326,4.375,13.75,3.26103,1
500000,5,RSW(25R/25W/50S),156.164,4.375,13.375,3.20176,1
500000,1,RS(47R/47W/6S),216.68,3.292,12.833,2.30755,1
500000,2,RS(47R/47W/6S),214.149,3.292,12.708,2.33482,1
500000,3,RS(47R/47W/6S),191.613,3.334,13.125,2.60942,1
500000,4,RS(47R/47W/6S),204.52,3.333,13.375,2.44475,1
500000,5,RS(47R/47W/6S),207.484,3.333,13.583,2.40982,1
500000,1,R(95R/5W),668.507,0.916,4.333,0.747936,1
500000,2,R(95R/5W),703.199,0.916,4.375,0.711037,1
500000,3,R(95R/5W),719.049,0.916,4.291,0.695363,1
500000,4,R(95R/5W),724.917,0.875,4.125,0.689735,1
500000,5,R(95R/5W),698.337,0.917,4.792,0.715987,1
100000,1,A(50R/50U),285.217,3.125,6.625,0.35061,1
100000,2,A(50R/50U),229.498,3.125,6.833,0.435734,1
100000,3,A(50R/50U),231.45,3.125,8.167,0.432058,1
100000,4,A(50R/50U),229.301,3.125,6.417,0.436108,1
100000,5,A(50R/50U),236.137,3.125,6.459,0.423482,1
100000,1,B(95R/5U),1105.39,0.667,3.875,0.0904655,1
100000,2,B(95R/5U),1067.56,0.625,5.25,0.0936712,1
100000,3,B(95R/5U),1118.39,0.666,3.875,0.089414,1
100000,4,B(95R/5U),1089.28,0.625,5.125,0.0918038,1
100000,5,B(95R/5U),1083.51,0.666,5.167,0.0922926,1
100000,1,C(100R),2485.18,0.292,1.667,0.0402385,1
100000,2,C(100R),2435.8,0.292,1.708,0.0410543,1
100000,3,C(100R),2482.21,0.292,1.708,0.0402866,1
100000,4,C(100R),2345.03,0.292,2,0.0426434,1
100000,5,C(100R),2468.13,0.292,1.625,0.0405165,1
100000,1,D(95R/5I),1018.55,0.708,3.917,0.0981791,1
100000,2,D(95R/5I),961.862,0.75,5.208,0.103965,1
100000,3,D(95R/5I),985.051,0.708,5.167,0.101518,1
100000,4,D(95R/5I),1018.86,0.708,3.917,0.0981491,1
100000,5,D(95R/5I),1022.98,0.708,4.083,0.0977532,1
100000,1,E(95Scan/5I),146.942,4.125,14.167,0.680539,1
100000,2,E(95Scan/5I),154.69,4,13.583,0.646454,1
100000,3,E(95Scan/5I),142.951,4.084,16.5,0.69954,1
100000,4,E(95Scan/5I),142.251,4.167,13.667,0.70298,1
100000,5,E(95Scan/5I),138.246,4.417,13.792,0.723347,1
100000,1,F(50R/50RMW),293.647,3.125,6.333,0.340545,1
100000,2,F(50R/50RMW),234.995,3.084,6.917,0.425542,1
100000,3,F(50R/50RMW),296.041,3.084,6.375,0.337791,1
100000,4,F(50R/50RMW),293.865,3.083,6.5,0.340292,1
100000,5,F(50R/50RMW),301.241,3.125,6.625,0.33196,1
100000,1,W(1R/99W),178.342,3.25,7.375,0.560719,1
100000,2,W(1R/99W),165.907,3.25,7,0.602748,1
100000,3,W(1R/99W),152.591,3.291,6.917,0.655348,1
100000,4,W(1R/99W),180.177,3.25,7.083,0.555009,1
100000,5,W(1R/99W),180.846,3.25,6.834,0.552956,1
100000,1,RW(50R/50W),288.782,3.083,6.458,0.346282,1
100000,2,RW(50R/50W),224.049,3.125,7.958,0.44633,1
100000,3,RW(50R/50W),281.792,3.125,6.167,0.354871,1
100000,4,RW(50R/50W),286.621,3.125,6.334,0.348893,1
100000,5,RW(50R/50W),297.874,3.125,6.5,0.335712,1
100000,1,RSW(25R/25W/50S),194.438,4.083,12.25,0.514304,1
100000,2,RSW(25R/25W/50S),201.027,4.042,12.125,0.497446,1
100000,3,RSW(25R/25W/50S),201.806,4.042,12.041,0.495525,1
100000,4,RSW(25R/25W/50S),196.943,4.042,12.5,0.507761,1
100000,5,RSW(25R/25W/50S),186.055,4.084,12.042,0.537476,1
100000,1,RS(47R/47W/6S),277.79,3.167,10.166,0.359984,1
100000,2,RS(47R/47W/6S),283.77,3.208,10.167,0.352398,1
100000,3,RS(47R/47W/6S),258.73,3.209,10.5,0.386504,1
100000,4,RS(47R/47W/6S),283.965,3.208,10.25,0.352156,1
100000,5,RS(47R/47W/6S),261.778,3.209,10.209,0.382004,1
100000,1,R(95R/5W),1130.09,0.666,3.875,0.0884885,1
100000,2,R(95R/5W),1000.7,0.666,5.583,0.0999304,1
100000,3,R(95R/5W),1133.13,0.666,3.958,0.088251,1
100000,4,R(95R/5W),1119.07,0.666,3.917,0.0893601,1
100000,5,R(95R/5W),1089.23,0.667,3.958,0.0918077,1
1000000,1,A(50R/50U),258.756,3.25,7,3.86464,1
1000000,2,A(50R/50U),249.462,3.292,7.083,4.00862,1
1000000,3,A(50R/50U),196.158,3.334,7.333,5.09794,1
1000000,4,A(50R/50U),249.012,3.292,6.916,4.01587,1
1000000,5,A(50R/50U),234.293,3.291,6.791,4.26817,1
1000000,1,B(95R/5U),621.412,0.959,5.25,1.60924,1
1000000,2,B(95R/5U),701.772,0.959,4.958,1.42497,1
1000000,3,B(95R/5U),677.801,1,4.375,1.47536,1
1000000,4,B(95R/5U),690.306,0.959,4.875,1.44863,1
1000000,5,B(95R/5U),692.741,1,4.792,1.44354,1
1000000,1,C(100R),1163.98,0.542,2.459,0.859119,1
1000000,2,C(100R),1151.11,0.542,2.459,0.868727,1
1000000,3,C(100R),1149.58,0.583,2.5,0.869883,1
1000000,4,C(100R),1104.89,0.583,2.792,0.905066,1
1000000,5,C(100R),1128.14,0.583,2.375,0.886418,1
1000000,1,D(95R/5I),590.08,1.125,4.416,1.69469,1
1000000,2,D(95R/5I),582.941,1.125,4.667,1.71544,1
1000000,3,D(95R/5I),584.5,1.166,5.166,1.71086,1
1000000,4,D(95R/5I),575.491,1.166,5,1.73765,1
1000000,5,D(95R/5I),594.455,1.125,4.917,1.68221,1
1000000,1,E(95Scan/5I),134.096,4.583,16.041,7.45734,1
1000000,2,E(95Scan/5I),133.703,4.292,15.792,7.47926,1
1000000,3,E(95Scan/5I),131.847,4.75,16.291,7.58457,1
1000000,4,E(95Scan/5I),128.852,4.834,16.125,7.76085,1
1000000,5,E(95Scan/5I),128.204,5.083,16.25,7.80006,1
1000000,1,F(50R/50RMW),264.97,3.333,7.208,3.77401,1
1000000,2,F(50R/50RMW),269.953,3.333,7.042,3.70435,1
1000000,3,F(50R/50RMW),273.317,3.292,6.625,3.65876,1
1000000,4,F(50R/50RMW),273.472,3.292,6.625,3.65668,1
1000000,5,F(50R/50RMW),271.806,3.292,6.667,3.67909,1
1000000,1,W(1R/99W),182.402,3.334,7.417,5.48239,1
1000000,2,W(1R/99W),182.208,3.334,7.25,5.48824,1
1000000,3,W(1R/99W),168.909,3.334,7.375,5.92036,1
1000000,4,W(1R/99W),159.367,3.334,7.417,6.27483,1
1000000,5,W(1R/99W),163.55,3.334,7.333,6.11434,1
1000000,1,RW(50R/50W),229.333,3.333,7,4.36048,1
1000000,2,RW(50R/50W),230.916,3.292,6.834,4.33058,1
1000000,3,RW(50R/50W),247.289,3.292,6.75,4.04385,1
1000000,4,RW(50R/50W),228.509,3.333,6.875,4.37619,1
1000000,5,RW(50R/50W),221.28,3.292,6.833,4.51916,1
1000000,1,RSW(25R/25W/50S),156.496,4.875,14.417,6.38994,1
1000000,2,RSW(25R/25W/50S),158.411,4.792,14.625,6.31267,1
1000000,3,RSW(25R/25W/50S),154.402,5.041,15.042,6.47662,1
1000000,4,RSW(25R/25W/50S),157.344,4.625,14.458,6.35548,1
1000000,5,RSW(25R/25W/50S),160.451,4.708,14.667,6.23244,1
1000000,1,RS(47R/47W/6S),228.555,3.416,13.958,4.37532,1
1000000,2,RS(47R/47W/6S),235.496,3.416,14.083,4.24635,1
1000000,3,RS(47R/47W/6S),232.674,3.416,14.083,4.29785,1
1000000,4,RS(47R/47W/6S),230.602,3.417,14,4.33647,1
1000000,5,RS(47R/47W/6S),232.872,3.417,14.042,4.2942,1
1000000,1,R(95R/5W),687.133,1,4.5,1.45532,1
1000000,2,R(95R/5W),696.977,1,4.459,1.43477,1
1000000,3,R(95R/5W),705.806,1,4.25,1.41682,1
1000000,4,R(95R/5W),694.496,1,4.375,1.43989,1
1000000,5,R(95R/5W),702.606,0.959,4.75,1.42327,1
3000000,1,A(50R/50U),261.031,3.292,7.291,11.4929,1
3000000,2,A(50R/50U),263.628,3.291,7.125,11.3797,1
3000000,3,A(50R/50U),263.437,3.292,7.042,11.3879,1
3000000,1,B(95R/5U),638.989,1.083,4.917,4.69491,1
3000000,2,B(95R/5U),636.595,1.083,5.166,4.71257,1
3000000,3,B(95R/5U),621.564,1.125,5.041,4.82653,1
3000000,1,C(100R),1250.86,0.459,2.542,2.39834,1
3000000,2,C(100R),1208.99,0.459,2.75,2.48142,1
3000000,3,C(100R),1184.96,0.459,2.833,2.53173,1
3000000,1,D(95R/5I),512.269,1.25,5.75,5.8563,1
3000000,2,D(95R/5I),513.88,1.25,5.542,5.83794,1
3000000,3,D(95R/5I),488.162,1.209,6.75,6.1455,1
3000000,1,E(95Scan/5I),125.87,5,21.083,23.8341,1
3000000,2,E(95Scan/5I),127.377,5,18.708,23.5521,1
3000000,3,E(95Scan/5I),126.768,4.5,19.25,23.6653,1
3000000,1,F(50R/50RMW),251.291,3.333,8.167,11.9384,1
3000000,2,F(50R/50RMW),253.335,3.292,7.792,11.842,1
3000000,3,F(50R/50RMW),256.184,3.292,7.417,11.7103,1
3000000,1,W(1R/99W),170.578,3.333,8.791,17.5873,1
3000000,2,W(1R/99W),139.54,3.333,9.167,21.4993,1
3000000,3,W(1R/99W),156.395,3.291,8.5,19.1822,1
3000000,1,RW(50R/50W),234.613,3.292,7.875,12.787,1
3000000,2,RW(50R/50W),225.581,3.292,7.875,13.299,1
3000000,3,RW(50R/50W),192.413,3.333,8.417,15.5915,1
3000000,1,RSW(25R/25W/50S),153.475,5.25,15.5,19.5472,1
3000000,2,RSW(25R/25W/50S),145.48,5.5,17.125,20.6214,1
3000000,3,RSW(25R/25W/50S),153.825,5.292,15.708,19.5027,1
3000000,1,RS(47R/47W/6S),226.148,3.375,16.667,13.2656,1
3000000,2,RS(47R/47W/6S),223.914,3.375,16.292,13.398,1
3000000,3,RS(47R/47W/6S),221.193,3.375,16.417,13.5628,1
3000000,1,R(95R/5W),627.915,1.084,5.084,4.77771,1
3000000,2,R(95R/5W),623.414,1.125,5.042,4.81221,1
3000000,3,R(95R/5W),623.864,1.125,5.125,4.80874,1
5000000,1,A(50R/50U),239.196,3.417,8.833,20.9034,1
5000000,2,A(50R/50U),202.058,3.417,10.959,24.7453,1
5000000,3,A(50R/50U),206.411,3.417,9.334,24.2236,1
5000000,1,B(95R/5U),564.911,1.167,5.459,8.85096,1
5000000,2,B(95R/5U),573.024,1.167,5.458,8.72563,1
5000000,3,B(95R/5U),561.704,1.166,5.333,8.90149,1
5000000,1,C(100R),1246.42,0.458,2.708,4.0115,1
5000000,2,C(100R),1275.09,0.458,2.625,3.92129,1
5000000,3,C(100R),1214.78,0.459,2.875,4.11598,1
5000000,1,D(95R/5I),523.309,1.25,5.375,9.55459,1
5000000,2,D(95R/5I),515.696,1.25,5.583,9.69563,1
5000000,3,D(95R/5I),503.741,1.25,6.292,9.92574,1
5000000,1,E(95Scan/5I),123.803,4.541,22.208,40.3868,1
5000000,2,E(95Scan/5I),122.04,4.75,22.208,40.9701,1
5000000,3,E(95Scan/5I),120.528,5,21.958,41.4843,1
5000000,1,F(50R/50RMW),246.236,3.375,7.958,20.3057,1
5000000,2,F(50R/50RMW),237.783,3.375,8.583,21.0276,1
5000000,3,F(50R/50RMW),244.394,3.375,8.541,20.4588,1
5000000,1,W(1R/99W),164.731,3.334,8.625,30.3525,1
5000000,2,W(1R/99W),165.322,3.333,8.916,30.244,1
5000000,3,W(1R/99W),134.192,3.334,9.292,37.26,1
5000000,1,RW(50R/50W),191.229,3.375,8.125,26.1466,1
5000000,2,RW(50R/50W),243.917,3.375,8.417,20.4987,1
5000000,3,RW(50R/50W),246.979,3.375,8.167,20.2446,1
5000000,1,RSW(25R/25W/50S),138.976,5.584,19.5,35.9774,1
5000000,2,RSW(25R/25W/50S),139.421,5.5,18.708,35.8626,1
5000000,3,RSW(25R/25W/50S),140.854,5.583,19.958,35.4976,1
5000000,1,RS(47R/47W/6S),202.316,3.5,20.666,24.7138,1
5000000,2,RS(47R/47W/6S),201.858,3.5,20.166,24.7698,1
5000000,3,RS(47R/47W/6S),194.761,3.5,21.167,25.6725,1
5000000,1,R(95R/5W),501.829,1.208,5.917,9.96356,1
5000000,2,R(95R/5W),459.177,1.208,6.042,10.889,1
5000000,3,R(95R/5W),566.321,1.208,5.375,8.82892,1
10000000,1,A(50R/50U),137.842,3.584,13.583,72.5467,1
10000000,2,A(50R/50U),207.501,3.417,9.916,48.1925,1
10000000,3,A(50R/50U),204.084,3.375,9.834,48.9995,1
10000000,1,B(95R/5U),515.241,1.292,6.667,19.4084,1
10000000,2,B(95R/5U),530.128,1.291,6.542,18.8634,1
10000000,3,B(95R/5U),510.853,1.292,6.708,19.5751,1
10000000,1,C(100R),1080.77,0.458,4.958,9.25267,1
10000000,2,C(100R),843.111,0.708,5.292,11.8608,1
10000000,3,C(100R),794.019,0.791,5.084,12.5942,1
10000000,1,D(95R/5I),434.836,1.333,6.791,22.9972,1
10000000,2,D(95R/5I),427.563,1.334,6.958,23.3884,1
10000000,3,D(95R/5I),422.395,1.334,6.958,23.6745,1
10000000,1,E(95Scan/5I),112.374,4.917,26.625,88.9888,1
10000000,2,E(95Scan/5I),110.867,5.042,27.625,90.1978,1
10000000,3,E(95Scan/5I),106.075,4.792,25.875,94.2732,1
10000000,1,F(50R/50RMW),189.639,3.375,9.375,52.7317,1
10000000,2,F(50R/50RMW),177.47,3.417,10.208,56.3477,1
10000000,3,F(50R/50RMW),191.553,3.417,12.375,52.2049,1
10000000,1,W(1R/99W),139.597,3.333,10.084,71.6348,1
10000000,2,W(1R/99W),145.186,3.334,8.833,68.8774,1
10000000,3,W(1R/99W),145.061,3.333,8.5,68.9363,1
10000000,1,RW(50R/50W),185.874,3.416,8.833,53.8,1
10000000,2,RW(50R/50W),219.957,3.375,8.667,45.4635,1
10000000,3,RW(50R/50W),224.241,3.333,8.125,44.5949,1
10000000,1,RSW(25R/25W/50S),133.652,5.833,19.417,74.8212,1
10000000,2,RSW(25R/25W/50S),123.357,5.959,20.166,81.0652,1
10000000,3,RSW(25R/25W/50S),112.987,5.834,19.375,88.5056,1
10000000,1,RS(47R/47W/6S),167.256,3.458,21.5,59.7887,1
10000000,2,RS(47R/47W/6S),197.006,3.459,19.583,50.7598,1
10000000,3,RS(47R/47W/6S),193.42,3.5,21.667,51.7009,1
10000000,1,R(95R/5W),549.233,1.25,6,18.2072,1
10000000,2,R(95R/5W),533.535,1.291,6.292,18.7429,1
10000000,3,R(95R/5W),553.472,1.25,6.125,18.0678,1
15000000,1,A(50R/50U),207.41,3.375,8.375,72.3206,1
15000000,2,A(50R/50U),208.459,3.333,8.292,71.9566,1
15000000,3,A(50R/50U),208.336,3.375,8.333,71.9991,1
15000000,1,B(95R/5U),473.76,1.333,6.833,31.6616,1
15000000,2,B(95R/5U),472.491,1.334,6.875,31.7466,1
15000000,3,B(95R/5U),470.242,1.334,6.834,31.8985,1
15000000,1,C(100R),779.217,0.708,5.792,19.2501,1
15000000,2,C(100R),783.431,0.708,5.75,19.1465,1
15000000,3,C(100R),977.894,0.542,4.75,15.3391,1
15000000,1,D(95R/5I),401.261,1.375,7.25,37.3821,1
15000000,2,D(95R/5I),399.347,1.375,7.5,37.5614,1
15000000,3,D(95R/5I),394.85,1.375,7.583,37.9891,1
15000000,1,E(95Scan/5I),105.345,5.083,33,142.389,1
15000000,2,E(95Scan/5I),107.383,4.916,30.25,139.687,1
15000000,3,E(95Scan/5I),83.1673,5.167,31.167,180.359,1
15000000,1,F(50R/50RMW),204.155,3.375,9.125,73.4737,1
15000000,2,F(50R/50RMW),204.473,3.375,9.125,73.3592,1
15000000,3,F(50R/50RMW),199.364,3.375,8.417,75.2394,1
15000000,1,W(1R/99W),141.756,3.25,8.375,105.816,1
15000000,2,W(1R/99W),133.91,3.334,9.584,112.015,1
15000000,3,W(1R/99W),122.142,3.291,8.833,122.808,1
15000000,1,RW(50R/50W),178.61,3.375,8.584,83.9819,1
15000000,2,RW(50R/50W),199.4,3.375,8.541,75.2256,1
15000000,3,RW(50R/50W),206.124,3.375,8.625,72.7718,1
15000000,1,RSW(25R/25W/50S),122.653,6.375,21.709,122.297,1
15000000,2,RSW(25R/25W/50S),126.844,6.167,20,118.256,1
15000000,3,RSW(25R/25W/50S),129.458,6.291,20.125,115.868,1
15000000,1,RS(47R/47W/6S),161.742,3.5,19.25,92.7402,1
15000000,2,RS(47R/47W/6S),167.463,3.458,17.75,89.5718,1
15000000,3,RS(47R/47W/6S),185.284,3.417,16.792,80.9566,1
15000000,1,R(95R/5W),512.794,1.334,6.625,29.2515,1
15000000,2,R(95R/5W),521.632,1.375,6.417,28.7559,1
15000000,3,R(95R/5W),519.875,1.292,6.166,28.8531,1
